{"mr. englert": {"is-justice": false, "gender": "male"}, "mr. kissinger": {"is-justice": false, "gender": "male"}, "mr. heldman": {"is-justice": false, "gender": "male"}, "mr. tager": {"is-justice": false, "gender": "male"}, "ms. dalven": {"is-justice": false, "gender": "female"}, "mr. baker": {"is-justice": false, "gender": "male"}, "ms. zieve": {"is-justice": false, "gender": "female"}, "mr. meade": {"is-justice": false, "gender": "male"}, "the court": {"is-justice": false, "gender": "NA"}, "mr. tribe": {"is-justice": false, "gender": "male"}, "mr. chilton": {"is-justice": false, "gender": "male"}, "mr. gray": {"is-justice": false, "gender": "male"}, "mr. katyal": {"is-justice": false, "gender": "male"}, "mr. hart": {"is-justice": false, "gender": "male"}, "mr. tillinghast": {"is-justice": false, "gender": "male"}, "mr. blanchard": {"is-justice": false, "gender": "male"}, "justice o'connor": {"is-justice": true, "gender": "female"}, "ms. madigan": {"is-justice": false, "gender": "female"}, "ms. wright": {"is-justice": false, "gender": "female"}, "mr. rosenkranz": {"is-justice": false, "gender": "male"}, "mr. burman": {"is-justice": false, "gender": "male"}, "mr. lockyer": {"is-justice": false, "gender": "male"}, "brunstad": {"is-justice": false, "gender": "male"}, "mr. kise": {"is-justice": false, "gender": "male"}, "mr. cappuccio": {"is-justice": false, "gender": "male"}, "mr. landau": {"is-justice": false, "gender": "male"}, "mr. zas": {"is-justice": false, "gender": "male"}, "mr. mellen": {"is-justice": false, "gender": "male"}, "mr. casey": {"is-justice": false, "gender": "male"}, "mr. taranto": {"is-justice": false, "gender": "male"}, "mr. eisenberg": {"is-justice": false, "gender": "male"}, "mr. frey": {"is-justice": false, "gender": "male"}, "mr. van amberg": {"is-justice": false, "gender": "male"}, "ms. perry": {"is-justice": false, "gender": "female"}, "mr. rovelli": {"is-justice": false, "gender": "male"}, "ms. hollander": {"is-justice": false, "gender": "female"}, "mr. stewart": {"is-justice": false, "gender": "male"}, "ms. bergmann": {"is-justice": false, "gender": "female"}, "justice stevens": {"is-justice": true, "gender": "male"}, "mr. lamken": {"is-justice": false, "gender": "male"}, "mr. schroeder": {"is-justice": false, "gender": "male"}, "mr. marshall": {"is-justice": false, "gender": "male"}, "mr. lobel": {"is-justice": false, "gender": "male"}, "mr. layton": {"is-justice": false, "gender": "male"}, "mr. marcus": {"is-justice": false, "gender": "male"}, "mr. carty": {"is-justice": false, "gender": "male"}, "mr. dellinger": {"is-justice": false, "gender": "male"}, "ms. perales": {"is-justice": false, "gender": "female"}, "mr. shelley": {"is-justice": false, "gender": "male"}, "mr. thomas": {"is-justice": false, "gender": "male"}, "mr. brunstad": {"is-justice": false, "gender": "male"}, "mr. ravenell": {"is-justice": false, "gender": "male"}, "mr. digges": {"is-justice": false, "gender": "male"}, "mr. kline": {"is-justice": false, "gender": "male"}, "ms. dahl": {"is-justice": false, "gender": "female"}, "clerk of court": {"is-justice": false, "gender": "NA"}, "mr. fisher": {"is-justice": false, "gender": "male"}, "ms. mahoney": {"is-justice": false, "gender": "female"}, "mr. ayer": {"is-justice": false, "gender": "male"}, "ms. karlan": {"is-justice": false, "gender": "female"}, "mr. enrich": {"is-justice": false, "gender": "male"}, "ms. perkell": {"is-justice": false, "gender": "female"}, "mr. deixler": {"is-justice": false, "gender": "male"}, "mr. shors": {"is-justice": false, "gender": "male"}, "justice alito": {"is-justice": true, "gender": "male"}, "justice breyer": {"is-justice": true, "gender": "male"}, "mr. link": {"is-justice": false, "gender": "male"}, "mr. gossett": {"is-justice": false, "gender": "male"}, "mr. hallward-driemeier": {"is-justice": false, "gender": "male"}, "mr. farr": {"is-justice": false, "gender": "male"}, "mr. machat": {"is-justice": false, "gender": "male"}, "mr. rashkind": {"is-justice": false, "gender": "male"}, "mr. shapiro": {"is-justice": false, "gender": "male"}, "mr. korrell": {"is-justice": false, "gender": "male"}, "mr. goldberg": {"is-justice": false, "gender": "male"}, "mr. stock": {"is-justice": false, "gender": "male"}, "mr. goldberger": {"is-justice": false, "gender": "male"}, "ms. rivkind": {"is-justice": false, "gender": "female"}, "ms. graeff": {"is-justice": false, "gender": "female"}, "mr. gits": {"is-justice": false, "gender": "male"}, "mr. owen": {"is-justice": false, "gender": "male"}, "mr. thro": {"is-justice": false, "gender": "male"}, "justice kennedy": {"is-justice": true, "gender": "male"}, "chief justice roberts": {"is-justice": true, "gender": "male"}, "mr. hoffman": {"is-justice": false, "gender": "male"}, "ms. mckiever": {"is-justice": false, "gender": "female"}, "mr. roberts": {"is-justice": false, "gender": "male"}, "mr. wycoff": {"is-justice": false, "gender": "male"}, "mr. bagenstos": {"is-justice": false, "gender": "male"}, "mr. linger": {"is-justice": false, "gender": "male"}, "mr. estrada": {"is-justice": false, "gender": "male"}, "mr. nolas": {"is-justice": false, "gender": "male"}, "mr. moran": {"is-justice": false, "gender": "male"}, "mr. minear": {"is-justice": false, "gender": "male"}, "ms. maynard": {"is-justice": false, "gender": "female"}, "ms. chatman": {"is-justice": false, "gender": "female"}, "mr. kayatta": {"is-justice": false, "gender": "male"}, "mr. mckenna": {"is-justice": false, "gender": "male"}, "mr. howe": {"is-justice": false, "gender": "male"}, "ms. olivier": {"is-justice": false, "gender": "female"}, "mr. ott": {"is-justice": false, "gender": "male"}, "mr. hopper": {"is-justice": false, "gender": "male"}, "ms. snurkowski": {"is-justice": false, "gender": "female"}, "ms. percival": {"is-justice": false, "gender": "female"}, "mr. milkey": {"is-justice": false, "gender": "male"}, "mr. hurt": {"is-justice": false, "gender": "male"}, "ms. samek": {"is-justice": false, "gender": "female"}, "mr. stancil": {"is-justice": false, "gender": "male"}, "mr. castanias": {"is-justice": false, "gender": "male"}, "mr. cahill": {"is-justice": false, "gender": "male"}, "mr. cattani": {"is-justice": false, "gender": "male"}, "ms. woodman": {"is-justice": false, "gender": "female"}, "mr. smiland": {"is-justice": false, "gender": "male"}, "mr. smith": {"is-justice": false, "gender": "male"}, "mr. mcnulty": {"is-justice": false, "gender": "male"}, "mr. madden": {"is-justice": false, "gender": "male"}, "mr. sullivan": {"is-justice": false, "gender": "male"}, "ms. ayotte": {"is-justice": false, "gender": "female"}, "mr. bonner": {"is-justice": false, "gender": "male"}, "mr. hanson": {"is-justice": false, "gender": "male"}, "mr. sacks": {"is-justice": false, "gender": "male"}, "mr. zagrans": {"is-justice": false, "gender": "male"}, "mr. bergeron": {"is-justice": false, "gender": "male"}, "mr. srinivasan": {"is-justice": false, "gender": "male"}, "mr. garre": {"is-justice": false, "gender": "male"}, "mr. poe": {"is-justice": false, "gender": "male"}, "mr. goldstein": {"is-justice": false, "gender": "male"}, "mr. baggot": {"is-justice": false, "gender": "male"}, "ms. maynard:": {"is-justice": false, "gender": "female"}, "mr. richards": {"is-justice": false, "gender": "male"}, "mr. mertz": {"is-justice": false, "gender": "male"}, "mr. mccartan": {"is-justice": false, "gender": "male"}, "mr. eastman": {"is-justice": false, "gender": "male"}, "mr. baughman": {"is-justice": false, "gender": "male"}, "mr. walton": {"is-justice": false, "gender": "male"}, "mr. chan": {"is-justice": false, "gender": "male"}, "mr. haglund": {"is-justice": false, "gender": "male"}, "mr. stearns": {"is-justice": false, "gender": "male"}, "mr. newsom": {"is-justice": false, "gender": "male"}, "mr. reichman": {"is-justice": false, "gender": "male"}, "ms. bonner": {"is-justice": false, "gender": "female"}, "mr. staver": {"is-justice": false, "gender": "male"}, "mr. alioto": {"is-justice": false, "gender": "male"}, "mr. mitchell": {"is-justice": false, "gender": "male"}, "mr. west": {"is-justice": false, "gender": "male"}, "mr. ainsa": {"is-justice": false, "gender": "male"}, "mr. joseph": {"is-justice": false, "gender": "male"}, "mr. atkinson": {"is-justice": false, "gender": "male"}, "mr joseffer": {"is-justice": false, "gender": "male"}, "mr. reichel": {"is-justice": false, "gender": "male"}, "mr. friedman": {"is-justice": false, "gender": "male"}, "mr. somach": {"is-justice": false, "gender": "male"}, "mr. lovell": {"is-justice": false, "gender": "male"}, "mr. draper": {"is-justice": false, "gender": "male"}, "mr. freedman": {"is-justice": false, "gender": "male"}, "mr. coleman": {"is-justice": false, "gender": "male"}, "mr. blair": {"is-justice": false, "gender": "male"}, "mr. flaxman": {"is-justice": false, "gender": "male"}, "mr. niver": {"is-justice": false, "gender": "male"}, "ms. millett": {"is-justice": false, "gender": "female"}, "mr. collins": {"is-justice": false, "gender": "male"}, "mr. donati": {"is-justice": false, "gender": "male"}, "mr. dabney": {"is-justice": false, "gender": "male"}, "mr. simon": {"is-justice": false, "gender": "male"}, "gen. abbott": {"is-justice": false, "gender": "male"}, "mr. richland": {"is-justice": false, "gender": "male"}, "mr. bolick": {"is-justice": false, "gender": "male"}, "mr. petro": {"is-justice": false, "gender": "male"}, "mr. doss": {"is-justice": false, "gender": "male"}, "mr. untereiner": {"is-justice": false, "gender": "male"}, "mr. boynton": {"is-justice": false, "gender": "male"}, "mr. coughlin": {"is-justice": false, "gender": "male"}, "mr. peck": {"is-justice": false, "gender": "male"}, "mr. savrin": {"is-justice": false, "gender": "male"}, "mr. donovan": {"is-justice": false, "gender": "male"}, "mr. connelly": {"is-justice": false, "gender": "male"}, "mr. chanos": {"is-justice": false, "gender": "male"}, "mr. haltom": {"is-justice": false, "gender": "male"}, "mr. crawford": {"is-justice": false, "gender": "male"}, "mr. feldman": {"is-justice": false, "gender": "male"}, "mr. kirkpatrick": {"is-justice": false, "gender": "male"}, "mr. starr": {"is-justice": false, "gender": "male"}, "ms. sullivan": {"is-justice": false, "gender": "female"}, "mr. drozdowski": {"is-justice": false, "gender": "male"}, "mr. robbins": {"is-justice": false, "gender": "male"}, "mr. bland": {"is-justice": false, "gender": "male"}, "mr. nager": {"is-justice": false, "gender": "male"}, "mr. cole": {"is-justice": false, "gender": "male"}, "plaintiff's counsel": {"is-justice": false, "gender": "NA"}, "mr. cotter": {"is-justice": false, "gender": "male"}, "mr. wolf": {"is-justice": false, "gender": "male"}, "mr. phillips": {"is-justice": false, "gender": "male"}, "chief justice rehnquist": {"is-justice": true, "gender": "male"}, "justice thomas": {"is-justice": true, "gender": "male"}, "ms. lovitt": {"is-justice": false, "gender": "female"}, "mr. crooks": {"is-justice": false, "gender": "male"}, "mr. multhaup": {"is-justice": false, "gender": "male"}, "mr. manasevit": {"is-justice": false, "gender": "male"}, "mr. nathanson": {"is-justice": false, "gender": "male"}, "ms. forsman": {"is-justice": false, "gender": "female"}, "mr. lange": {"is-justice": false, "gender": "male"}, "mr. hungar": {"is-justice": false, "gender": "male"}, "ms. spillars": {"is-justice": false, "gender": "female"}, "ms. halligan": {"is-justice": false, "gender": "female"}, "mr. donahue": {"is-justice": false, "gender": "male"}, "mr. jones": {"is-justice": false, "gender": "male"}, "mr. russell": {"is-justice": false, "gender": "male"}, "mr. kaplan": {"is-justice": false, "gender": "male"}, "justice scalia": {"is-justice": true, "gender": "male"}, "justice ginsburg": {"is-justice": true, "gender": "female"}, "mr. lockyear": {"is-justice": false, "gender": "male"}, "mr. johnson": {"is-justice": false, "gender": "male"}, "ms. brill": {"is-justice": false, "gender": "female"}, "mr. prendergast": {"is-justice": false, "gender": "male"}, "mr. stris": {"is-justice": false, "gender": "male"}, "mr. bopp": {"is-justice": false, "gender": "male"}, "ms. bunn": {"is-justice": false, "gender": "female"}, "mr. stoepker": {"is-justice": false, "gender": "male"}, "mr. waxman": {"is-justice": false, "gender": "male"}, "mr. blume": {"is-justice": false, "gender": "male"}, "mr. bailey": {"is-justice": false, "gender": "male"}, "mr. studebaker": {"is-justice": false, "gender": "male"}, "mr. barnett": {"is-justice": false, "gender": "male"}, "mr. chemerinsky": {"is-justice": false, "gender": "male"}, "mr. kellogg": {"is-justice": false, "gender": "male"}, "ms. cortina": {"is-justice": false, "gender": "female"}, "mr. perry": {"is-justice": false, "gender": "male"}, "mr. browning": {"is-justice": false, "gender": "male"}, "ms. lee": {"is-justice": false, "gender": "female"}, "ms. brinkmann": {"is-justice": false, "gender": "female"}, "mr. coykendall": {"is-justice": false, "gender": "male"}, "mr. schwartz": {"is-justice": false, "gender": "male"}, "mr. spillars": {"is-justice": false, "gender": "male"}, "mr. vladeck": {"is-justice": false, "gender": "male"}, "mr. cochran": {"is-justice": false, "gender": "male"}, "ms. williams": {"is-justice": false, "gender": "female"}, "ms. thompson": {"is-justice": false, "gender": "female"}, "mr. gordon": {"is-justice": false, "gender": "male"}, "mr. bowen": {"is-justice": false, "gender": "male"}, "mr. flores": {"is-justice": false, "gender": "male"}, "mr. franklin": {"is-justice": false, "gender": "male"}, "mr. wray": {"is-justice": false, "gender": "male"}, "mr. gornstein": {"is-justice": false, "gender": "male"}, "mr. foster": {"is-justice": false, "gender": "male"}, "mr. wolfman": {"is-justice": false, "gender": "male"}, "mr. clement": {"is-justice": false, "gender": "male"}, "mr. dwyer": {"is-justice": false, "gender": "male"}, "mr. frederick": {"is-justice": false, "gender": "male"}, "ms. higgins": {"is-justice": false, "gender": "female"}, "mr. himmelfarb": {"is-justice": false, "gender": "male"}, "mr. hood": {"is-justice": false, "gender": "male"}, "mr. whisman": {"is-justice": false, "gender": "male"}, "ms. hart": {"is-justice": false, "gender": "female"}, "mr. becker": {"is-justice": false, "gender": "male"}, "mr. mancino": {"is-justice": false, "gender": "male"}, "mr. lichtenstein": {"is-justice": false, "gender": "male"}, "mr. verrilli": {"is-justice": false, "gender": "male"}, "mr. laurence": {"is-justice": false, "gender": "male"}, "mr. shorr": {"is-justice": false, "gender": "male"}, "mr. grant": {"is-justice": false, "gender": "male"}, "mr. steiker": {"is-justice": false, "gender": "male"}, "mr. comey": {"is-justice": false, "gender": "male"}, "ms. smith": {"is-justice": false, "gender": "female"}, "ms. freno": {"is-justice": false, "gender": "female"}, "mr. kasner": {"is-justice": false, "gender": "male"}, "general clement": {"is-justice": false, "gender": "male"}, "ms. vullo": {"is-justice": false, "gender": "female"}, "mr. hurd": {"is-justice": false, "gender": "male"}, "mr. gilreath": {"is-justice": false, "gender": "male"}, "mr. dreeben": {"is-justice": false, "gender": "male"}, "mr. elwood": {"is-justice": false, "gender": "male"}, "mr. moody": {"is-justice": false, "gender": "male"}, "mr. busby": {"is-justice": false, "gender": "male"}, "mr. kuntz": {"is-justice": false, "gender": "male"}, "mr. cruz": {"is-justice": false, "gender": "male"}, "ms. neaves": {"is-justice": false, "gender": "female"}, "mr. gershengorn": {"is-justice": false, "gender": "male"}, "mr. radmore": {"is-justice": false, "gender": "male"}, "mr. porter": {"is-justice": false, "gender": "male"}, "mr. long": {"is-justice": false, "gender": "male"}, "ms. grunder": {"is-justice": false, "gender": "female"}, "ms. blatt": {"is-justice": false, "gender": "female"}, "mr. schaerr": {"is-justice": false, "gender": "male"}, "mr. kneedler": {"is-justice": false, "gender": "male"}, "mr. bedrick": {"is-justice": false, "gender": "male"}, "ms. lewis": {"is-justice": false, "gender": "female"}, "mr. feder": {"is-justice": false, "gender": "male"}, "ms. gartner": {"is-justice": false, "gender": "female"}, "mr. salmons": {"is-justice": false, "gender": "male"}, "mr. gold": {"is-justice": false, "gender": "male"}, "ms. kirkland": {"is-justice": false, "gender": "female"}, "mr. strain": {"is-justice": false, "gender": "male"}, "mr. zelenka": {"is-justice": false, "gender": "male"}, "ms. solomon": {"is-justice": false, "gender": "female"}, "mr. sorrell": {"is-justice": false, "gender": "male"}, "ms. zapp": {"is-justice": false, "gender": "female"}, "mr. lemieux": {"is-justice": false, "gender": "male"}, "mr. shanmugam": {"is-justice": false, "gender": "male"}, "justice souter": {"is-justice": true, "gender": "male"}, "mr. schalit": {"is-justice": false, "gender": "male"}, "mr. pincus": {"is-justice": false, "gender": "male"}, "mr. krakoff": {"is-justice": false, "gender": "male"}, "mr. utrecht": {"is-justice": false, "gender": "male"}, "mr. gartlan": {"is-justice": false, "gender": "male"}, "mr. olson": {"is-justice": false, "gender": "male"}, "ms. nield": {"is-justice": false, "gender": "female"}, "ms. robin-vergeer": {"is-justice": false, "gender": "female"}, "mr. mills": {"is-justice": false, "gender": "male"}, "mr. andre": {"is-justice": false, "gender": "male"}, "mr. rowe": {"is-justice": false, "gender": "male"}, "mr. restuccia": {"is-justice": false, "gender": "male"}, "ms. underwood": {"is-justice": false, "gender": "female"}, "mr. meczyk": {"is-justice": false, "gender": "male"}, "mr. joseffer": {"is-justice": false, "gender": "male"}, "mr. jett": {"is-justice": false, "gender": "male"}, "mr. lewis": {"is-justice": false, "gender": "male"}, "mr. roddy": {"is-justice": false, "gender": "male"}, "mr. shanmugan": {"is-justice": false, "gender": "male"}, "mr. fermino": {"is-justice": false, "gender": "male"}, "mr. boas": {"is-justice": false, "gender": "male"}, "ms. olivieri": {"is-justice": false, "gender": "female"}, "mr. kester": {"is-justice": false, "gender": "male"}, "mr. miller": {"is-justice": false, "gender": "male"}, "mr. bennett": {"is-justice": false, "gender": "male"}}